CHROM	POS	scaffold	start	end	annotation	hit_dist
scaffold_1	143000	scaffold_1	138554	140660	jg28432	3393
scaffold_1	143000	scaffold_1	141146	143567	jg28433	643.5
scaffold_1	143000	scaffold_1	145087	147500	jg28434	3293.5
scaffold_1	406414	scaffold_1	401522	402890	jg28511	4208
scaffold_1	406414	scaffold_1	403433	405436	jg28512	1979.5
scaffold_1	406414	scaffold_1	408786	411845	jg28513	3901.5
scaffold_1	641311	scaffold_1	636577	637134	jg28576	4455.5
scaffold_1	641311	scaffold_1	637620	638222	jg28577	3390
scaffold_1	641311	scaffold_1	638346	638576	jg28578	2850
scaffold_1	641311	scaffold_1	639700	642336	jg28579	293
scaffold_1	641311	scaffold_1	643301	644288	jg28580	2483.5
scaffold_1	641311	scaffold_1	644740	645039	jg28581	3578.5
scaffold_1	817632	scaffold_1	813051	813823	jg28628	4195
scaffold_1	817632	scaffold_1	814182	814799	jg28629	3141.5
scaffold_1	817632	scaffold_1	815141	816964	jg28630	1579.5
scaffold_1	817632	scaffold_1	817208	819265	jg28631	604.5
scaffold_1	817632	scaffold_1	819636	820237	jg28632	2304.5
scaffold_1	833196	scaffold_1	830223	830966	jg28634	2601.5
scaffold_1	833196	scaffold_1	834479	840812	jg28635	4449.5
scaffold_1	865585	scaffold_1	860032	863893	jg28641	3622.5
scaffold_1	865585	scaffold_1	864038	868538	jg28642	703
scaffold_1	865585	scaffold_1	868571	872084	jg28643	4742.5
scaffold_1	1770486	scaffold_1	1764836	1768148	jg28884	3994
scaffold_1	1770486	scaffold_1	1772000	1774718	jg28885	2873
scaffold_1	2629308	scaffold_1	2627086	2628522	jg29127	1504
scaffold_1	2629308	scaffold_1	2632933	2634780	jg29128	4548.5
scaffold_1	2779868	scaffold_1	2777730	2779514	jg29172	1246
scaffold_1	2779868	scaffold_1	2781067	2782832	jg29173	2081.5
scaffold_1	2780618	scaffold_1	2777730	2779514	jg29172	1996
scaffold_1	2780618	scaffold_1	2781067	2782832	jg29173	1331.5
scaffold_1	2780658	scaffold_1	2777730	2779514	jg29172	2036
scaffold_1	2780658	scaffold_1	2781067	2782832	jg29173	1291.5
scaffold_1	2786672	scaffold_1	2781067	2782832	jg29173	4722.5
scaffold_1	2786672	scaffold_1	2787526	2789593	jg29174	1887.5
scaffold_1	4016474	scaffold_1	4014120	4018576	jg29505	126
scaffold_1	4016474	scaffold_1	4019467	4019913	jg29506	3216
scaffold_1	4016474	scaffold_1	4020205	4022003	jg29507	4630
scaffold_1	4174498	scaffold_1	4169308	4171801	jg29548	3943.5
scaffold_1	4174498	scaffold_1	4175369	4176538	jg29549	1455.5
scaffold_1	4174498	scaffold_1	4176859	4178691	jg29550	3277
scaffold_1	4851513	scaffold_1	4846458	4848380	jg29729	4094
scaffold_1	4851513	scaffold_1	4848910	4850489	jg29730	1813.5
scaffold_1	4851513	scaffold_1	4850619	4851368	jg29731	519.5
scaffold_1	4851513	scaffold_1	4852748	4854504	jg29732	2113
scaffold_1	5399186	scaffold_1	5395087	5395656	jg29876	3814.5
scaffold_1	5399186	scaffold_1	5397452	5398087	jg29877	1416.5
scaffold_1	5399186	scaffold_1	5399705	5400277	jg29878	805
scaffold_1	5399186	scaffold_1	5400907	5402503	jg29879	2519
scaffold_1	7127069	scaffold_1	7121230	7123347	jg30356	4780.5
scaffold_1	7127069	scaffold_1	7125875	7126810	jg30357	726.5
scaffold_1	7127069	scaffold_1	7127189	7129292	jg30358	1171.5
scaffold_1	7652675	scaffold_1	7648180	7649663	jg30503	3753.5
scaffold_1	8385401	scaffold_1	8382500	8382763	jg30679	2769.5
scaffold_1	8385401	scaffold_1	8386866	8387648	jg30680	1856
scaffold_1	8385401	scaffold_1	8388200	8389884	jg30681	3641
scaffold_1	8539110	scaffold_1	8534039	8535124	jg30719	4528.5
scaffold_1	8539110	scaffold_1	8535492	8538175	jg30720	2276.5
scaffold_1	8539110	scaffold_1	8539465	8540091	jg30721	668
scaffold_1	8539110	scaffold_1	8540467	8544176	jg30722	3211.5
scaffold_1	8773277	scaffold_1	8767993	8768998	jg30779	4781.5
scaffold_1	8773277	scaffold_1	8775024	8775842	jg30780	2156
scaffold_1	8773277	scaffold_1	8776506	8779154	jg30781	4553
scaffold_1	9211518	scaffold_1	9210808	9211315	jg30877	456.5
scaffold_1	9211518	scaffold_1	9212893	9215005	jg30878	2431
scaffold_1	9790093	scaffold_1	9785189	9786116	jg31045	4440.5
scaffold_1	9790093	scaffold_1	9793021	9794802	jg31046	3818.5
scaffold_1	9874630	scaffold_1	9871916	9875962	jg31067	691
scaffold_1	9874630	scaffold_1	9876415	9877983	jg31068	2569
scaffold_1	11259928	scaffold_1	11257409	11258382	jg31411	2032.5
scaffold_1	11259928	scaffold_1	11261835	11262558	jg31412	2268.5
scaffold_1	11607911	scaffold_1	11604229	11610001	jg31511	796
scaffold_1	11607911	scaffold_1	11611862	11612427	jg31512	4233.5
scaffold_1	11671209	scaffold_1	11667792	11670528	jg31528	2049
scaffold_1	11671209	scaffold_1	11671705	11674684	jg31529	1985.5
scaffold_1	11772794	scaffold_1	11773043	11774239	jg31551	847
scaffold_1	12345004	scaffold_1	12340651	12341276	jg31667	4040.5
scaffold_1	12345004	scaffold_1	12342491	12343744	jg31668	1886.5
scaffold_1	12345004	scaffold_1	12345417	12346721	jg31669	1065
scaffold_1	12426869	scaffold_1	12423533	12423904	jg31689	3150.5
scaffold_1	12426869	scaffold_1	12425438	12427448	jg31690	426
scaffold_1	12447166	scaffold_1	12442196	12444644	jg31691	3746
scaffold_1	12447166	scaffold_1	12449117	12452001	jg31692	3393
scaffold_1	13684824	scaffold_1	13681877	13682914	jg31971	2428.5
scaffold_1	13684824	scaffold_1	13687818	13688972	jg31972	3571
scaffold_1	13687724	scaffold_1	13687818	13688972	jg31972	671
scaffold_1	13687724	scaffold_1	13689387	13692370	jg31973	3154.5
scaffold_1	14067524	scaffold_1	14069153	14070241	jg32060	2173
scaffold_1	14100775	scaffold_1	14101081	14102242	jg32065	886.5
scaffold_1	14155219	scaffold_1	14150095	14151827	jg32078	4258
scaffold_1	14155219	scaffold_1	14152208	14154731	jg32079	1749.5
scaffold_1	14155219	scaffold_1	14155962	14156304	jg32080	914
scaffold_1	14155219	scaffold_1	14157881	14162434	jg32081	4938.5
scaffold_1	14329434	scaffold_1	14327630	14329147	jg32117	1045.5
scaffold_1	14329434	scaffold_1	14330025	14331558	jg32118	1357.5
scaffold_1	14911761	scaffold_1	14903510	14910746	jg32223	4633
scaffold_1	14911761	scaffold_1	14911048	14912404	jg32224	35
scaffold_1	14945601	scaffold_1	14939613	14941959	jg32230	4815
scaffold_1	15139403	scaffold_1	15140647	15141567	jg32265	1704
scaffold_1	15448906	scaffold_1	15445906	15447225	jg32314	2340.5
scaffold_1	15454341	scaffold_1	15455771	15456763	jg32315	1926
scaffold_1	15577377	scaffold_1	15572470	15573056	jg32334	4614
scaffold_1	15577377	scaffold_1	15580106	15581114	jg32335	3233
scaffold_1	15593507	scaffold_1	15587905	15590875	jg32339	4117
scaffold_1	15593507	scaffold_1	15593792	15594725	jg32340	751.5
scaffold_1	15593507	scaffold_1	15596629	15597614	jg32341	3614.5
scaffold_1	15593545	scaffold_1	15587905	15590875	jg32339	4155
scaffold_1	15593545	scaffold_1	15593792	15594725	jg32340	713.5
scaffold_1	15593545	scaffold_1	15596629	15597614	jg32341	3576.5
scaffold_1	15594496	scaffold_1	15593792	15594725	jg32340	237.5
scaffold_1	15594496	scaffold_1	15596629	15597614	jg32341	2625.5
scaffold_1	15594496	scaffold_1	15598483	15599652	jg32342	4571.5
scaffold_1	16834806	scaffold_1	16836249	16838876	jg32466	2756.5
scaffold_1	16834806	scaffold_1	16839501	16840103	jg32467	4996
scaffold_1	17241971	scaffold_1	17236827	17238643	jg32539	4236
scaffold_1	18233854	scaffold_1	18232185	18232848	jg32718	1337.5
scaffold_1	18423598	scaffold_1	18422988	18423391	jg32762	408.5
scaffold_1	18423598	scaffold_1	18426332	18426726	jg32763	2931
scaffold_1	18423598	scaffold_1	18427686	18428990	jg32764	4740
scaffold_1	18494006	scaffold_1	18489662	18490207	jg32778	4071.5
scaffold_1	18494006	scaffold_1	18491074	18492525	jg32779	2206.5
scaffold_1	18520461	scaffold_1	18514259	18516764	jg32782	4949.5
scaffold_1	19014224	scaffold_1	19015565	19015957	jg32876	1537
scaffold_1	19025143	scaffold_1	19027041	19027571	jg32877	2163
scaffold_1	19025143	scaffold_1	19027891	19029872	jg32878	3738.5
scaffold_1	19898669	scaffold_1	19899283	19900673	jg33075	1309
scaffold_1	19908392	scaffold_1	19905443	19907148	jg33076	2096.5
scaffold_1	19908392	scaffold_1	19910837	19913635	jg33077	3844
scaffold_1	20165881	scaffold_1	20162943	20165006	jg33145	1906.5
scaffold_1	20714848	scaffold_1	20709871	20710329	jg33265	4748
scaffold_1	20714848	scaffold_1	20711370	20711948	jg33266	3189
scaffold_1	21200154	scaffold_1	21197013	21200151	jg33386	1572
scaffold_1	21200154	scaffold_1	21204681	21205292	jg33387	4832.5
scaffold_1	21311709	scaffold_1	21306595	21308722	jg33412	4050.5
scaffold_1	21311709	scaffold_1	21313852	21314798	jg33413	2616
scaffold_1	21314194	scaffold_1	21313852	21314798	jg33413	131
scaffold_1	22313037	scaffold_1	22310657	22311746	jg33674	1835.5
scaffold_1	22313037	scaffold_1	22314549	22315619	jg33675	2047
scaffold_1	22313037	scaffold_1	22316431	22317362	jg33676	3859.5
scaffold_2	13455	scaffold_2	9610	11268	jg357	3016
scaffold_2	13455	scaffold_2	15094	15714	jg358	1949
scaffold_2	121098	scaffold_2	122151	123881	jg378	1918
scaffold_2	121098	scaffold_2	124150	125411	jg379	3682.5
scaffold_2	297641	scaffold_2	292620	295189	jg426	3736.5
scaffold_2	297641	scaffold_2	299584	302665	jg427	3483.5
scaffold_2	448936	scaffold_2	443539	444786	jg469	4773.5
scaffold_2	448936	scaffold_2	451253	452877	jg470	3129
scaffold_2	486895	scaffold_2	482792	486317	jg477	2340.5
scaffold_2	486895	scaffold_2	488046	489444	jg478	1850
scaffold_2	486895	scaffold_2	490896	492652	jg479	4879
scaffold_2	680750	scaffold_2	677825	679674	jg522	2000.5
scaffold_2	680750	scaffold_2	682157	682468	jg523	1562.5
scaffold_2	680750	scaffold_2	682788	684486	jg524	2887
scaffold_2	800582	scaffold_2	797010	798157	jg552	2998.5
scaffold_2	800582	scaffold_2	801533	803038	jg553	1703.5
scaffold_2	800582	scaffold_2	803476	804687	jg554	3499.5
scaffold_2	979747	scaffold_2	978812	979132	jg597	775
scaffold_2	979747	scaffold_2	981140	982413	jg598	2029.5
scaffold_2	1289790	scaffold_2	1292932	1293974	jg670	3663
scaffold_2	1720060	scaffold_2	1721803	1724080	jg766	2881.5
scaffold_2	1923043	scaffold_2	1914627	1923665	jg805	3897
scaffold_2	1923043	scaffold_2	1924203	1927760	jg806	2938.5
scaffold_2	1930593	scaffold_2	1924203	1927760	jg806	4611.5
scaffold_2	1930593	scaffold_2	1929033	1932068	jg807	42.5
scaffold_2	1930593	scaffold_2	1932706	1933842	jg808	2681
scaffold_2	1930593	scaffold_2	1934906	1936096	jg809	4908
scaffold_2	1975793	scaffold_2	1970626	1971411	jg819	4774.5
scaffold_2	1975793	scaffold_2	1972464	1975558	jg820	1782
scaffold_2	1975793	scaffold_2	1977968	1981012	jg821	3697
scaffold_2	1977107	scaffold_2	1972464	1975558	jg820	3096
scaffold_2	1977107	scaffold_2	1977968	1981012	jg821	2383
scaffold_2	1977107	scaffold_2	1981240	1982013	jg822	4519.5
scaffold_2	2117595	scaffold_2	2117089	2118298	jg855	98.5
scaffold_2	2117595	scaffold_2	2119201	2120568	jg856	2289.5
scaffold_2	2260886	scaffold_2	2260588	2262399	jg884	607.5
scaffold_2	2260886	scaffold_2	2263487	2265194	jg885	3454.5
scaffold_2	2260886	scaffold_2	2265520	2265966	jg886	4857
scaffold_2	3339340	scaffold_2	3338792	3339007	jg1123	440.5
scaffold_2	3339340	scaffold_2	3341258	3345873	jg1124	4225.5
scaffold_2	4140166	scaffold_2	4135904	4136251	jg1278	4088.5
scaffold_2	4140166	scaffold_2	4137611	4137958	jg1279	2381.5
scaffold_2	4140166	scaffold_2	4139327	4139674	jg1280	665.5
scaffold_2	4140166	scaffold_2	4141360	4144340	jg1281	2684
scaffold_2	4745250	scaffold_2	4741058	4741369	jg1394	4036.5
scaffold_2	4745250	scaffold_2	4743484	4744617	jg1395	1199.5
scaffold_2	4954599	scaffold_2	4949974	4950964	jg1436	4130
scaffold_2	4954599	scaffold_2	4956372	4957439	jg1437	2306.5
scaffold_2	5033954	scaffold_2	5036934	5037920	jg1448	3473
scaffold_2	5248162	scaffold_2	5244428	5247143	jg1476	2376.5
scaffold_2	5248162	scaffold_2	5251019	5252598	jg1477	3646.5
scaffold_2	5434823	scaffold_2	5429918	5430412	jg1504	4658
scaffold_2	5434823	scaffold_2	5431248	5432271	jg1505	3063.5
scaffold_2	7456126	scaffold_2	7452349	7454450	jg1715	2726.5
scaffold_2	7456126	scaffold_2	7459906	7460644	jg1716	4149
scaffold_2	8816012	scaffold_2	8814383	8814856	jg1952	1392.5
scaffold_2	9086714	scaffold_2	9085788	9087853	jg2007	106.5
scaffold_2	9132081	scaffold_2	9127168	9129188	jg2015	3903
scaffold_2	9132081	scaffold_2	9133751	9134437	jg2016	2013
scaffold_2	9132081	scaffold_2	9134717	9135912	jg2017	3233.5
scaffold_2	9440471	scaffold_2	9437196	9438150	jg2064	2798
scaffold_2	9440471	scaffold_2	9443153	9443704	jg2065	2957.5
scaffold_2	10109928	scaffold_2	10106674	10108380	jg2204	2401
scaffold_2	10109928	scaffold_2	10108417	10108876	jg2205	1281.5
scaffold_2	10109928	scaffold_2	10110704	10113469	jg2206	2158.5
scaffold_2	10252624	scaffold_2	10248050	10248934	jg2232	4132
scaffold_2	10252624	scaffold_2	10251164	10252527	jg2233	778.5
scaffold_2	10388381	scaffold_2	10390568	10392990	jg2248	3398
scaffold_2	10724047	scaffold_2	10720128	10722166	jg2320	2900
scaffold_2	10724047	scaffold_2	10723327	10723563	jg2321	602
scaffold_2	10724047	scaffold_2	10726190	10729051	jg2322	3573.5
scaffold_2	11095064	scaffold_2	11090316	11090753	jg2407	4529.5
scaffold_2	11095064	scaffold_2	11093677	11094597	jg2408	927
scaffold_2	11095064	scaffold_2	11098257	11098724	jg2409	3426.5
scaffold_2	11486793	scaffold_2	11489483	11491758	jg2485	3827.5
scaffold_2	12017522	scaffold_2	12011796	12013304	jg2600	4972
scaffold_2	12017522	scaffold_2	12014998	12015941	jg2601	2052.5
scaffold_2	12017522	scaffold_2	12020036	12021212	jg2602	3102
scaffold_2	13101640	scaffold_2	13102326	13103439	jg2875	1242.5
scaffold_2	13101640	scaffold_2	13104742	13106583	jg2876	4022.5
scaffold_2	13639285	scaffold_2	13633812	13636130	jg3017	4314
scaffold_2	13639285	scaffold_2	13636639	13638435	jg3018	1748
scaffold_2	13639285	scaffold_2	13640192	13643056	jg3019	2339
scaffold_2	13639285	scaffold_2	13643091	13643687	jg3020	4104
scaffold_2	14128833	scaffold_2	14125676	14126548	jg3155	2721
scaffold_2	14128833	scaffold_2	14128436	14129515	jg3156	142.5
scaffold_2	14446910	scaffold_2	14445005	14446563	jg3229	1126
scaffold_2	14446910	scaffold_2	14447263	14450268	jg3230	1855.5
scaffold_2	15144823	scaffold_2	15142112	15144700	jg3402	1417
scaffold_2	15144823	scaffold_2	15145205	15146285	jg3403	922
scaffold_2	15144823	scaffold_2	15146740	15148182	jg3404	2638
scaffold_2	15144823	scaffold_2	15148644	15149342	jg3405	4170
scaffold_2	15509510	scaffold_2	15504758	15505482	jg3483	4390
scaffold_2	15509510	scaffold_2	15510686	15511687	jg3484	1676.5
scaffold_2	16373692	scaffold_2	16368425	16369006	jg3715	4976.5
scaffold_2	16373692	scaffold_2	16371486	16372955	jg3716	1471.5
scaffold_2	16373692	scaffold_2	16373664	16374820	jg3717	550
scaffold_3	235867	scaffold_3	231222	232973	jg23957	3769.5
scaffold_3	235867	scaffold_3	233615	234673	jg23958	1723
scaffold_3	235867	scaffold_3	236783	242293	jg23959	3671
scaffold_3	1190672	scaffold_3	1184848	1186773	jg24248	4861.5
scaffold_3	1190672	scaffold_3	1187046	1188292	jg24249	3003
scaffold_3	1190672	scaffold_3	1189285	1190689	jg24250	685
scaffold_3	1190672	scaffold_3	1192047	1193824	jg24251	2263.5
scaffold_3	1190672	scaffold_3	1194271	1195099	jg24252	4013
scaffold_3	1226921	scaffold_3	1222719	1223522	jg24261	3800.5
scaffold_3	1226921	scaffold_3	1224407	1225442	jg24262	1996.5
scaffold_3	1226921	scaffold_3	1225787	1228485	jg24263	215
scaffold_3	1226921	scaffold_3	1229757	1231518	jg24264	3716.5
scaffold_3	1612972	scaffold_3	1608898	1612281	jg24375	2382.5
scaffold_3	1612972	scaffold_3	1612558	1613490	jg24376	52
scaffold_3	1612972	scaffold_3	1613790	1615233	jg24377	1539.5
scaffold_3	1612972	scaffold_3	1615451	1616080	jg24378	2793.5
scaffold_3	2076364	scaffold_3	2072862	2073494	jg24504	3186
scaffold_3	2076364	scaffold_3	2076565	2077553	jg24505	695
scaffold_3	2076364	scaffold_3	2078322	2080755	jg24506	3174.5
scaffold_3	2096401	scaffold_3	2095370	2095642	jg24510	895
scaffold_3	2096401	scaffold_3	2097584	2098428	jg24511	1605
scaffold_3	2096401	scaffold_3	2100350	2101252	jg24512	4400
scaffold_3	3218957	scaffold_3	3215474	3217769	jg24818	2335.5
scaffold_3	3218957	scaffold_3	3220375	3222239	jg24819	2350
scaffold_3	3393333	scaffold_3	3388414	3388779	jg24875	4736.5
scaffold_3	3393333	scaffold_3	3388830	3389105	jg24876	4365.5
scaffold_3	3393333	scaffold_3	3392195	3393015	jg24877	728
scaffold_3	3476453	scaffold_3	3470947	3473375	jg24903	4292
scaffold_3	3476453	scaffold_3	3474231	3475734	jg24904	1470.5
scaffold_3	3476453	scaffold_3	3478375	3480693	jg24905	3081
scaffold_3	3498725	scaffold_3	3496943	3498469	jg24910	1019
scaffold_3	3498725	scaffold_3	3499677	3503017	jg24911	2622
scaffold_3	4315129	scaffold_3	4310400	4313074	jg25144	3392
scaffold_3	4315129	scaffold_3	4314429	4315474	jg25145	177.5
scaffold_3	4315129	scaffold_3	4316234	4320748	jg25146	3362
scaffold_3	4319651	scaffold_3	4314429	4315474	jg25145	4699.5
scaffold_3	4319651	scaffold_3	4316234	4320748	jg25146	1160
scaffold_3	4319651	scaffold_3	4321118	4322948	jg25147	2382
scaffold_3	5804045	scaffold_3	5799024	5799683	jg25553	4691.5
scaffold_3	5804045	scaffold_3	5802926	5803522	jg25554	821
scaffold_3	5804045	scaffold_3	5805413	5805913	jg25555	1618
scaffold_3	5804045	scaffold_3	5807406	5808426	jg25556	3871
scaffold_3	5961529	scaffold_3	5960649	5961891	jg25599	259
scaffold_3	5961529	scaffold_3	5963803	5966631	jg25600	3688
scaffold_3	6548247	scaffold_3	6541087	6546063	jg25761	4672
scaffold_3	6548247	scaffold_3	6549640	6552161	jg25762	2653.5
scaffold_3	6592480	scaffold_3	6585437	6589709	jg25773	4907
scaffold_3	6592480	scaffold_3	6590125	6593970	jg25774	432.5
scaffold_3	6592480	scaffold_3	6594714	6595115	jg25775	2434.5
scaffold_3	6592480	scaffold_3	6596849	6597949	jg25776	4919
scaffold_3	6835362	scaffold_3	6832571	6835003	jg25845	1575
scaffold_3	6835362	scaffold_3	6835665	6837503	jg25846	1222
scaffold_3	7079889	scaffold_3	7074330	7076355	jg25919	4546.5
scaffold_3	7079889	scaffold_3	7078661	7080730	jg25920	193.5
scaffold_3	7079889	scaffold_3	7081137	7081878	jg25921	1618.5
scaffold_3	7079889	scaffold_3	7082297	7083297	jg25922	2908
scaffold_3	7079889	scaffold_3	7084484	7084921	jg25923	4813.5
scaffold_3	7256126	scaffold_3	7256538	7260502	jg25968	2394
scaffold_3	7762934	scaffold_3	7757139	7759978	jg26092	4375.5
scaffold_3	7762934	scaffold_3	7762020	7763492	jg26093	178
scaffold_3	7762934	scaffold_3	7764590	7765940	jg26094	2331
scaffold_3	7943900	scaffold_3	7938308	7941194	jg26139	4149
scaffold_3	7943900	scaffold_3	7941665	7943684	jg26140	1225.5
scaffold_3	7943900	scaffold_3	7947501	7949303	jg26141	4502
scaffold_3	8024090	scaffold_3	8020110	8024018	jg26156	2026
scaffold_3	8024090	scaffold_3	8024487	8026081	jg26157	1194
scaffold_3	8024090	scaffold_3	8026929	8028612	jg26158	3680.5
scaffold_3	8911189	scaffold_3	8907696	8908609	jg26396	3036.5
scaffold_3	8911189	scaffold_3	8909862	8910808	jg26397	854
scaffold_3	8911189	scaffold_3	8912072	8913589	jg26398	1641.5
scaffold_3	8911189	scaffold_3	8915054	8916078	jg26399	4377
scaffold_3	8911924	scaffold_3	8907696	8908609	jg26396	3771.5
scaffold_3	8911924	scaffold_3	8909862	8910808	jg26397	1589
scaffold_3	8911924	scaffold_3	8912072	8913589	jg26398	906.5
scaffold_3	8911924	scaffold_3	8915054	8916078	jg26399	3642
scaffold_3	9098187	scaffold_3	9099271	9100387	jg26450	1642
scaffold_3	9430339	scaffold_3	9426178	9427751	jg26530	3374.5
scaffold_3	9430339	scaffold_3	9428173	9430275	jg26531	1115
scaffold_3	9430339	scaffold_3	9430831	9432069	jg26532	1111
scaffold_3	9430339	scaffold_3	9432083	9434198	jg26533	2801.5
scaffold_3	9892834	scaffold_3	9884142	9891830	jg26615	4848
scaffold_3	9892834	scaffold_3	9892508	9892949	jg26616	105.5
scaffold_3	9892834	scaffold_3	9893628	9894128	jg26617	1044
scaffold_3	9892834	scaffold_3	9895868	9898162	jg26618	4181
scaffold_3	9893254	scaffold_3	9892508	9892949	jg26616	525.5
scaffold_3	9893254	scaffold_3	9893628	9894128	jg26617	624
scaffold_3	9893254	scaffold_3	9895868	9898162	jg26618	3761
scaffold_3	10062348	scaffold_3	10056402	10058720	jg26653	4787
scaffold_3	10062348	scaffold_3	10060894	10062268	jg26654	767
scaffold_3	10095518	scaffold_3	10090843	10091574	jg26661	4309.5
scaffold_3	10095518	scaffold_3	10093399	10099368	jg26662	865.5
scaffold_3	10398609	scaffold_3	10400110	10402398	jg26736	2645
scaffold_3	10891173	scaffold_3	10886468	10888289	jg26856	3794.5
scaffold_3	10905631	scaffold_3	10908209	10909990	jg26857	3468.5
scaffold_3	11108783	scaffold_3	11107953	11109802	jg26909	94.5
scaffold_3	11108783	scaffold_3	11111865	11113723	jg26910	4011
scaffold_3	11327684	scaffold_3	11323053	11325464	jg26944	3425.5
scaffold_3	11327684	scaffold_3	11325914	11327077	jg26945	1188.5
scaffold_3	11327684	scaffold_3	11329236	11329885	jg26946	1876.5
scaffold_3	11327684	scaffold_3	11331569	11331987	jg26947	4094
scaffold_3	11398308	scaffold_3	11397131	11400329	jg26959	422
scaffold_3	11398308	scaffold_3	11401732	11402280	jg26960	3698
scaffold_3	11736583	scaffold_3	11733291	11734808	jg27039	2533.5
scaffold_3	11736583	scaffold_3	11737155	11737670	jg27040	829.5
scaffold_3	11883593	scaffold_3	11884241	11885104	jg27071	1079.5
scaffold_3	11883593	scaffold_3	11887458	11888011	jg27072	4141.5
scaffold_3	11888427	scaffold_3	11884241	11885104	jg27071	3754.5
scaffold_3	11888427	scaffold_3	11887458	11888011	jg27072	692.5
scaffold_3	11997554	scaffold_3	11998071	12000909	jg27090	1936
scaffold_3	12401959	scaffold_3	12397806	12401595	jg27172	2258.5
scaffold_3	12833421	scaffold_3	12829030	12830448	jg27244	3682
scaffold_3	12855714	scaffold_3	12856141	12856527	jg27245	620
scaffold_3	12934547	scaffold_3	12934018	12934710	jg27257	183
scaffold_3	12934547	scaffold_3	12934900	12936438	jg27258	1122
scaffold_3	14766975	scaffold_3	14763807	14764200	jg27398	2971.5
scaffold_3	14766975	scaffold_3	14767437	14772291	jg27399	2889
scaffold_3	14770895	scaffold_3	14767437	14772291	jg27399	1031
scaffold_3	15100266	scaffold_3	15093475	15103228	jg27446	1914.5
scaffold_3	15234249	scaffold_3	15228621	15231133	jg27474	4372
scaffold_3	15234249	scaffold_3	15235150	15235884	jg27475	1268
scaffold_3	15234249	scaffold_3	15237717	15238450	jg27476	3834.5
scaffold_3	15359975	scaffold_3	15352556	15358205	jg27494	4594.5
scaffold_3	15359975	scaffold_3	15358415	15360515	jg27495	510
scaffold_3	15360461	scaffold_3	15358415	15360515	jg27495	996
scaffold_3	15361038	scaffold_3	15358415	15360515	jg27495	1573
scaffold_3	15509817	scaffold_3	15504908	15505285	jg27528	4720.5
scaffold_3	15509817	scaffold_3	15507959	15509139	jg27529	1268
scaffold_3	15509817	scaffold_3	15509470	15510943	jg27530	389.5
scaffold_3	15546782	scaffold_3	15547046	15549133	jg27535	1307.5
scaffold_3	15873342	scaffold_3	15868885	15869682	jg27591	4058.5
scaffold_3	15873342	scaffold_3	15869978	15870907	jg27592	2899.5
scaffold_3	15873342	scaffold_3	15874824	15875216	jg27593	1678
scaffold_3	15873342	scaffold_3	15876799	15878504	jg27594	4309.5
scaffold_3	16022568	scaffold_3	16024106	16026358	jg27622	2664
scaffold_3	16022568	scaffold_3	16026796	16027573	jg27623	4616.5
scaffold_3	16158055	scaffold_3	16152822	16153987	jg27648	4650.5
scaffold_3	16158055	scaffold_3	16159291	16161732	jg27649	2456.5
scaffold_3	16253833	scaffold_3	16249667	16252006	jg27670	2996.5
scaffold_3	16253833	scaffold_3	16255430	16256965	jg27671	2364.5
scaffold_3	16312566	scaffold_3	16316102	16317669	jg27686	4319.5
scaffold_3	16385843	scaffold_3	16380886	16385019	jg27700	2890.5
scaffold_3	16385843	scaffold_3	16385857	16386672	jg27701	421.5
scaffold_3	16385843	scaffold_3	16387310	16389255	jg27702	2439.5
scaffold_3	16398386	scaffold_3	16401972	16402932	jg27704	4066
scaffold_3	16417800	scaffold_3	16420693	16422810	jg27706	3951.5
scaffold_3	16575288	scaffold_3	16575857	16577803	jg27739	1542
scaffold_3	16703803	scaffold_3	16701672	16704126	jg27755	904
scaffold_3	16754815	scaffold_3	16754976	16757676	jg27763	1511
scaffold_3	17519957	scaffold_3	17520651	17520989	jg27941	863
scaffold_3	18224176	scaffold_3	18225680	18226705	jg28102	2016.5
scaffold_3	18508786	scaffold_3	18504017	18507189	jg28175	3183
scaffold_3	18763686	scaffold_3	18759754	18760224	jg28226	3697
scaffold_3	18763686	scaffold_3	18766388	18768643	jg28227	3829.5
scaffold_4	820263	scaffold_4	818157	820336	jg16686	1016.5
scaffold_4	820263	scaffold_4	820756	823272	jg16687	1751
scaffold_4	1042881	scaffold_4	1037379	1040464	jg16734	3959.5
scaffold_4	1042881	scaffold_4	1045150	1045871	jg16735	2629.5
scaffold_4	1200366	scaffold_4	1197120	1199253	jg16763	2179.5
scaffold_4	1200366	scaffold_4	1204089	1205006	jg16764	4181.5
scaffold_4	1272168	scaffold_4	1268207	1269577	jg16782	3276
scaffold_4	1272168	scaffold_4	1271576	1271836	jg16783	462
scaffold_4	1272168	scaffold_4	1272349	1273047	jg16784	530
scaffold_4	1272168	scaffold_4	1273998	1277247	jg16785	3454.5
scaffold_4	2199755	scaffold_4	2195121	2197408	jg16979	3490.5
scaffold_4	2199755	scaffold_4	2199343	2202928	jg16980	1380.5
scaffold_4	2598378	scaffold_4	2600563	2602370	jg17058	3088.5
scaffold_4	3289004	scaffold_4	3286014	3288160	jg17182	1917
scaffold_4	3289004	scaffold_4	3292765	3293587	jg17183	4172
scaffold_4	3305867	scaffold_4	3301177	3304197	jg17184	3180
scaffold_4	4046834	scaffold_4	4048018	4049628	jg17317	1989
scaffold_4	4073450	scaffold_4	4073717	4075373	jg17321	1095
scaffold_4	4073450	scaffold_4	4076331	4077940	jg17322	3685.5
scaffold_4	4075728	scaffold_4	4073717	4075373	jg17321	1183
scaffold_4	4075728	scaffold_4	4076331	4077940	jg17322	1407.5
scaffold_4	4299093	scaffold_4	4298782	4300410	jg17356	503
scaffold_4	4427222	scaffold_4	4425729	4426676	jg17375	1019.5
scaffold_4	6188432	scaffold_4	6184309	6185596	jg17446	3479.5
scaffold_4	6246664	scaffold_4	6247599	6250299	jg17451	2285
scaffold_4	6359489	scaffold_4	6354305	6355232	jg17478	4720.5
scaffold_4	6359489	scaffold_4	6356009	6356734	jg17479	3117.5
scaffold_4	6365500	scaffold_4	6365858	6366988	jg17480	923
scaffold_4	6365500	scaffold_4	6368448	6368837	jg17481	3142.5
scaffold_4	6497713	scaffold_4	6493334	6494202	jg17509	3945
scaffold_4	6497713	scaffold_4	6494749	6496330	jg17510	2173.5
scaffold_4	6497713	scaffold_4	6499402	6502476	jg17511	3226
scaffold_4	6851521	scaffold_4	6846246	6850082	jg17577	3357
scaffold_4	6851521	scaffold_4	6850713	6853966	jg17578	818.5
scaffold_4	6882673	scaffold_4	6886509	6886830	jg17583	3996.5
scaffold_4	7232642	scaffold_4	7230844	7233147	jg17645	646.5
scaffold_4	7232642	scaffold_4	7234243	7234829	jg17646	1894
scaffold_4	7872833	scaffold_4	7870784	7871326	jg17766	1778
scaffold_4	7872833	scaffold_4	7875375	7875659	jg17767	2684
scaffold_4	8007294	scaffold_4	8003093	8005250	jg17791	3122.5
scaffold_4	8007294	scaffold_4	8006155	8007807	jg17792	313
scaffold_4	8049435	scaffold_4	8051189	8052503	jg17798	2411
scaffold_4	8214080	scaffold_4	8215564	8215770	jg17827	1587
scaffold_4	8401443	scaffold_4	8396589	8397338	jg17858	4479.5
scaffold_4	8401443	scaffold_4	8398656	8401170	jg17859	1530
scaffold_4	8545602	scaffold_4	8540728	8541268	jg17881	4604
scaffold_4	8545602	scaffold_4	8546069	8549566	jg17882	2215.5
scaffold_4	8829454	scaffold_4	8825565	8826539	jg17937	3402
scaffold_4	8829454	scaffold_4	8827140	8827604	jg17938	2082
scaffold_4	8829454	scaffold_4	8829450	8829845	jg17939	193.5
scaffold_4	8829454	scaffold_4	8830803	8831970	jg17940	1932.5
scaffold_4	8841831	scaffold_4	8838514	8841249	jg17942	1949.5
scaffold_4	8841831	scaffold_4	8842272	8843519	jg17943	1064.5
scaffold_4	8841831	scaffold_4	8844354	8845643	jg17944	3167.5
scaffold_4	9639260	scaffold_4	9635513	9637332	jg18139	2837.5
scaffold_4	9639260	scaffold_4	9638047	9639963	jg18140	255
scaffold_4	9639260	scaffold_4	9640884	9644532	jg18141	3448
scaffold_4	9776909	scaffold_4	9771931	9774247	jg18163	3820
scaffold_4	9776909	scaffold_4	9774603	9777845	jg18164	685
scaffold_4	9776909	scaffold_4	9779589	9781298	jg18165	3534.5
scaffold_4	9861368	scaffold_4	9859345	9861289	jg18183	1051
scaffold_4	9861368	scaffold_4	9861743	9863577	jg18184	1292
scaffold_4	9861368	scaffold_4	9864180	9868185	jg18185	4814.5
scaffold_4	10252176	scaffold_4	10249376	10249880	jg18289	2548
scaffold_4	10252176	scaffold_4	10250817	10251367	jg18290	1084
scaffold_4	10252176	scaffold_4	10253018	10253343	jg18291	1004.5
scaffold_4	10252176	scaffold_4	10253761	10254168	jg18292	1788.5
scaffold_4	10252176	scaffold_4	10254406	10256560	jg18293	3307
scaffold_4	10268099	scaffold_4	10269301	10272630	jg18295	2866.5
scaffold_4	10437083	scaffold_4	10433318	10436988	jg18334	1930
scaffold_4	10437083	scaffold_4	10440929	10442809	jg18335	4786
scaffold_4	11091153	scaffold_4	11086000	11086455	jg18503	4925.5
scaffold_4	11091153	scaffold_4	11091586	11092861	jg18504	1070.5
scaffold_4	11091153	scaffold_4	11093285	11095689	jg18505	3334
scaffold_4	11633566	scaffold_4	11629624	11632681	jg18635	2413.5
scaffold_4	11633566	scaffold_4	11634383	11636410	jg18636	1830.5
scaffold_4	11633566	scaffold_4	11636682	11637216	jg18637	3383
scaffold_4	11633566	scaffold_4	11637633	11639281	jg18638	4891
scaffold_4	11731226	scaffold_4	11725887	11727195	jg18665	4685
scaffold_4	11731226	scaffold_4	11728438	11730164	jg18666	1925
scaffold_4	11731226	scaffold_4	11730706	11731248	jg18667	249
scaffold_4	11731226	scaffold_4	11734479	11735357	jg18668	3692
scaffold_4	12117503	scaffold_4	12111336	12116349	jg18772	3660.5
scaffold_4	12609810	scaffold_4	12605414	12606400	jg18882	3903
scaffold_4	12609810	scaffold_4	12606613	12609656	jg18883	1675.5
scaffold_4	12609810	scaffold_4	12610330	12612594	jg18884	1652
scaffold_4	13169159	scaffold_4	13163121	13167089	jg19022	4054
scaffold_4	13169159	scaffold_4	13168156	13169637	jg19023	262.5
scaffold_4	13169159	scaffold_4	13173131	13174492	jg19024	4652.5
scaffold_4	13185157	scaffold_4	13177625	13183133	jg19026	4778
scaffold_4	13185157	scaffold_4	13185128	13185643	jg19027	228.5
scaffold_4	13185157	scaffold_4	13187823	13188491	jg19028	3000
scaffold_4	13213101	scaffold_4	13207661	13208886	jg19035	4827.5
scaffold_4	13213101	scaffold_4	13216441	13217883	jg19036	4061
scaffold_4	13311048	scaffold_4	13307426	13308037	jg19063	3316.5
scaffold_4	13311048	scaffold_4	13309931	13311793	jg19064	186
scaffold_4	13311048	scaffold_4	13312408	13314719	jg19065	2515.5
scaffold_4	13311048	scaffold_4	13315325	13316458	jg19066	4843.5
scaffold_4	15182888	scaffold_4	15177389	15180746	jg19568	3820.5
scaffold_4	15182888	scaffold_4	15181707	15182594	jg19569	737.5
scaffold_4	15182888	scaffold_4	15184391	15185135	jg19570	1875
scaffold_4	15182888	scaffold_4	15186626	15187660	jg19571	4255
scaffold_4	15335108	scaffold_4	15330337	15332018	jg19606	3930.5
scaffold_4	15335108	scaffold_4	15332572	15333391	jg19607	2126.5
scaffold_4	15335108	scaffold_4	15333677	15334590	jg19608	974.5
scaffold_4	15335108	scaffold_4	15336034	15336387	jg19609	1102.5
scaffold_4	15347780	scaffold_4	15350868	15353858	jg19611	4583
scaffold_4	15354234	scaffold_4	15350868	15353858	jg19611	1871
scaffold_4	15354234	scaffold_4	15354603	15356834	jg19612	1484.5
scaffold_4	16102303	scaffold_4	16097217	16098657	jg19835	4366
scaffold_4	16102303	scaffold_4	16102249	16105496	jg19836	1569.5
scaffold_4	16266124	scaffold_4	16263536	16264322	jg19875	2195
scaffold_4	16266124	scaffold_4	16266615	16267380	jg19876	873.5
scaffold_4	16383699	scaffold_4	16377845	16379885	jg19908	4834
scaffold_4	16383699	scaffold_4	16381988	16382476	jg19909	1467
scaffold_4	16383699	scaffold_4	16384458	16386683	jg19910	1871.5
scaffold_4	16418744	scaffold_4	16413281	16414521	jg19919	4843
scaffold_4	16418744	scaffold_4	16416541	16418472	jg19920	1237.5
scaffold_4	16418744	scaffold_4	16419575	16420357	jg19921	1222
scaffold_4	16418744	scaffold_4	16421073	16421408	jg19922	2496.5
scaffold_4	16418744	scaffold_4	16422160	16424463	jg19923	4567.5
scaffold_4	17458951	scaffold_4	17453259	17458726	jg20195	2958.5
scaffold_4	17458951	scaffold_4	17462713	17463186	jg20196	3998.5
scaffold_4	17475562	scaffold_4	17471694	17474533	jg20198	2448.5
scaffold_4	17475562	scaffold_4	17474915	17475544	jg20199	332.5
scaffold_4	17475562	scaffold_4	17477562	17479813	jg20200	3125.5
scaffold_4	17555901	scaffold_4	17551052	17551950	jg20221	4400
scaffold_4	17555901	scaffold_4	17552302	17552796	jg20222	3352
scaffold_4	17555901	scaffold_4	17553387	17555286	jg20223	1564.5
scaffold_4	17555901	scaffold_4	17558026	17558520	jg20224	2372
scaffold_4	17555901	scaffold_4	17559584	17561236	jg20225	4509
scaffold_5	1353359	scaffold_5	1351123	1351344	jg13215	2125.5
scaffold_5	1353359	scaffold_5	1352822	1353064	jg13216	416
scaffold_5	1353359	scaffold_5	1355676	1358047	jg13217	3502.5
scaffold_5	1512507	scaffold_5	1507189	1509315	jg13239	4255
scaffold_5	1512507	scaffold_5	1510006	1510980	jg13240	2014
scaffold_5	1512507	scaffold_5	1513173	1514409	jg13241	1284
scaffold_5	1705821	scaffold_5	1702196	1704910	jg13296	2268
scaffold_5	1705821	scaffold_5	1707723	1709333	jg13297	2707
scaffold_5	1705821	scaffold_5	1709643	1711481	jg13298	4741
scaffold_5	2815543	scaffold_5	2812276	2812836	jg13542	2987
scaffold_5	2815543	scaffold_5	2813499	2815517	jg13543	1035
scaffold_5	2815543	scaffold_5	2815776	2816332	jg13544	511
scaffold_5	2828868	scaffold_5	2822600	2826976	jg13545	4080
scaffold_5	2828868	scaffold_5	2832140	2832889	jg13546	3646.5
scaffold_5	2984113	scaffold_5	2981729	2982336	jg13571	2080.5
scaffold_5	2984113	scaffold_5	2983480	2984339	jg13572	203.5
scaffold_5	2984113	scaffold_5	2986229	2987200	jg13573	2601.5
scaffold_5	3202549	scaffold_5	3197354	3202114	jg13609	2815
scaffold_5	3202988	scaffold_5	3197354	3202114	jg13609	3254
scaffold_5	3266625	scaffold_5	3265988	3267475	jg13623	106.5
scaffold_5	3328862	scaffold_5	3325676	3325876	jg13634	3086
scaffold_5	3328862	scaffold_5	3329361	3330791	jg13635	1214
scaffold_5	3379069	scaffold_5	3373100	3375361	jg13643	4838.5
scaffold_5	3379069	scaffold_5	3375715	3376943	jg13644	2740
scaffold_5	3379069	scaffold_5	3377760	3378977	jg13645	700.5
scaffold_5	3379069	scaffold_5	3380326	3382599	jg13646	2393.5
scaffold_5	3619097	scaffold_5	3618710	3620417	jg13682	466.5
scaffold_5	4649925	scaffold_5	4644287	4647568	jg13863	3997.5
scaffold_5	4741138	scaffold_5	4736739	4737524	jg13879	4006.5
scaffold_5	4741138	scaffold_5	4738196	4739506	jg13880	2287
scaffold_5	5132462	scaffold_5	5131080	5132711	jg13922	566.5
scaffold_5	5132462	scaffold_5	5134562	5135908	jg13923	2773
scaffold_5	7405161	scaffold_5	7407559	7408803	jg14352	3020
scaffold_5	7818027	scaffold_5	7814469	7817998	jg14454	1793.5
scaffold_5	7818027	scaffold_5	7822425	7823624	jg14455	4997.5
scaffold_5	7818402	scaffold_5	7814469	7817998	jg14454	2168.5
scaffold_5	7818402	scaffold_5	7822425	7823624	jg14455	4622.5
scaffold_5	9440883	scaffold_5	9443742	9444974	jg14856	3475
scaffold_5	10341927	scaffold_5	10339500	10340875	jg15095	1739.5
scaffold_5	10341927	scaffold_5	10342804	10343916	jg15096	1433
scaffold_5	10341927	scaffold_5	10345142	10346383	jg15097	3835.5
scaffold_5	10584541	scaffold_5	10584038	10585291	jg15169	123.5
scaffold_5	10584541	scaffold_5	10587059	10587454	jg15170	2715.5
scaffold_5	10584541	scaffold_5	10588765	10589244	jg15171	4463.5
scaffold_5	10840274	scaffold_5	10835687	10837391	jg15245	3735
scaffold_5	10840274	scaffold_5	10837777	10839243	jg15246	1764
scaffold_5	10840274	scaffold_5	10842265	10843740	jg15247	2728.5
scaffold_5	10954554	scaffold_5	10949000	10950573	jg15274	4767.5
scaffold_5	10954554	scaffold_5	10956284	10956784	jg15275	1980
scaffold_5	10954554	scaffold_5	10957347	10958912	jg15276	3575.5
scaffold_5	11399376	scaffold_5	11396636	11398882	jg15391	1617
scaffold_5	11399376	scaffold_5	11397343	11397552	jg15392	1928.5
scaffold_5	11399376	scaffold_5	11401543	11403696	jg15393	3243.5
scaffold_5	12388408	scaffold_5	12383704	12386138	jg15657	3487
scaffold_5	12388408	scaffold_5	12387109	12388413	jg15658	647
scaffold_5	12388408	scaffold_5	12389151	12391888	jg15659	2111.5
scaffold_5	12648899	scaffold_5	12648152	12648463	jg15742	591.5
scaffold_5	12648899	scaffold_5	12650629	12651293	jg15743	2062
scaffold_5	14024400	scaffold_5	14021002	14021825	jg16123	2986.5
scaffold_5	14024400	scaffold_5	14024940	14025239	jg16124	689.5
scaffold_5	14024400	scaffold_5	14027716	14029418	jg16125	4167
scaffold_5	14533986	scaffold_5	14530063	14530629	jg16255	3640
scaffold_5	14533986	scaffold_5	14533174	14533503	jg16256	647.5
scaffold_5	14533986	scaffold_5	14537749	14538765	jg16257	4271
scaffold_6	737865	scaffold_6	732768	734045	jg4018	4458.5
scaffold_6	737865	scaffold_6	734888	737347	jg4019	1747.5
scaffold_6	737865	scaffold_6	738564	740278	jg4020	1556
scaffold_6	821462	scaffold_6	817925	820057	jg4044	2471
scaffold_6	1639384	scaffold_6	1634596	1636441	jg4246	3865.5
scaffold_6	1639384	scaffold_6	1636882	1637193	jg4247	2346.5
scaffold_6	1639384	scaffold_6	1637207	1639626	jg4248	967.5
scaffold_6	1639384	scaffold_6	1641130	1643125	jg4249	2743.5
scaffold_6	2166522	scaffold_6	2164520	2166839	jg4399	842.5
scaffold_6	2166522	scaffold_6	2168114	2170674	jg4400	2872
scaffold_6	2477791	scaffold_6	2475019	2480669	jg4484	53
scaffold_6	3212138	scaffold_6	3207498	3208970	jg4680	3904
scaffold_6	3212138	scaffold_6	3211204	3214100	jg4681	514
scaffold_6	3212138	scaffold_6	3214410	3216547	jg4682	3340.5
scaffold_6	3320409	scaffold_6	3318173	3320703	jg4713	971
scaffold_6	3320409	scaffold_6	3320725	3322576	jg4714	1241.5
scaffold_6	3320409	scaffold_6	3323255	3325187	jg4715	3812
scaffold_6	5389729	scaffold_6	5385414	5386574	jg5270	3735
scaffold_6	5389729	scaffold_6	5387081	5388455	jg5271	1961
scaffold_6	5389729	scaffold_6	5390493	5394029	jg5272	2532
scaffold_6	6056766	scaffold_6	6057089	6057589	jg5443	573
scaffold_6	6694060	scaffold_6	6689545	6691297	jg5611	3639
scaffold_6	6694060	scaffold_6	6692324	6693864	jg5612	966
scaffold_6	6694060	scaffold_6	6694336	6696071	jg5613	1143.5
scaffold_6	6896979	scaffold_6	6895370	6896494	jg5674	1047
scaffold_6	6896979	scaffold_6	6897812	6899584	jg5675	1719
scaffold_6	6916976	scaffold_6	6911983	6912858	jg5680	4555.5
scaffold_6	6916976	scaffold_6	6912884	6917082	jg5681	1993
scaffold_6	6916976	scaffold_6	6919426	6919866	jg5682	2670
scaffold_6	6916976	scaffold_6	6920120	6921499	jg5683	3833.5
scaffold_6	7330338	scaffold_6	7328134	7330939	jg5782	801.5
scaffold_6	7330338	scaffold_6	7331733	7332427	jg5783	1742
scaffold_6	7330338	scaffold_6	7333339	7334177	jg5784	3420
scaffold_6	8111175	scaffold_6	8106231	8110523	jg5983	2798
scaffold_6	8111175	scaffold_6	8111530	8112726	jg5984	953
scaffold_6	8262758	scaffold_6	8256552	8259353	jg6014	4805.5
scaffold_6	8262758	scaffold_6	8260147	8262492	jg6015	1438.5
scaffold_6	8262758	scaffold_6	8262552	8264341	jg6016	688.5
scaffold_6	8262758	scaffold_6	8265224	8265966	jg6017	2837
scaffold_6	8262758	scaffold_6	8267024	8267689	jg6018	4598.5
scaffold_6	8636446	scaffold_6	8630321	8632969	jg6119	4801
scaffold_6	9071697	scaffold_6	9068005	9068937	jg6226	3226
scaffold_6	9071697	scaffold_6	9069343	9071446	jg6227	1302.5
scaffold_6	9071697	scaffold_6	9073236	9074646	jg6228	2244
scaffold_6	9071697	scaffold_6	9075472	9077766	jg6229	4922
scaffold_6	9371910	scaffold_6	9368299	9368502	jg6285	3509.5
scaffold_6	9371910	scaffold_6	9373296	9373499	jg6286	1487.5
scaffold_6	9371910	scaffold_6	9374009	9375674	jg6287	2931.5
scaffold_6	9371910	scaffold_6	9375858	9376645	jg6288	4341.5
scaffold_6	9392920	scaffold_6	9387064	9389886	jg6292	4445
scaffold_6	9483329	scaffold_6	9479350	9480872	jg6313	3218
scaffold_6	9483329	scaffold_6	9481169	9482413	jg6314	1538
scaffold_6	9483329	scaffold_6	9482949	9483556	jg6315	76.5
scaffold_6	9483329	scaffold_6	9485440	9486465	jg6316	2623.5
scaffold_6	9550693	scaffold_6	9546581	9548509	jg6326	3148
scaffold_6	9550693	scaffold_6	9552885	9554481	jg6327	2990
scaffold_6	9575256	scaffold_6	9572375	9572653	jg6333	2742
scaffold_6	9575256	scaffold_6	9573913	9575294	jg6334	652.5
scaffold_6	9575256	scaffold_6	9576787	9577071	jg6335	1673
scaffold_6	9670287	scaffold_6	9668583	9670053	jg6352	969
scaffold_6	9901579	scaffold_6	9897112	9899166	jg6394	3440
scaffold_6	9901579	scaffold_6	9903809	9906729	jg6395	3690
scaffold_6	9901861	scaffold_6	9897112	9899166	jg6394	3722
scaffold_6	9901861	scaffold_6	9903809	9906729	jg6395	3408
scaffold_6	10011235	scaffold_6	10008612	10010525	jg6421	1666.5
scaffold_6	10011235	scaffold_6	10015087	10017190	jg6422	4903.5
scaffold_6	10121348	scaffold_6	10123834	10125789	jg6449	3463.5
scaffold_6	10321481	scaffold_6	10322934	10326062	jg6486	3017
scaffold_6	10412237	scaffold_6	10414796	10415909	jg6509	3115.5
scaffold_6	10473904	scaffold_6	10470099	10470579	jg6518	3565
scaffold_6	10473904	scaffold_6	10470626	10470952	jg6519	3115
scaffold_6	10473904	scaffold_6	10470983	10471367	jg6520	2729
scaffold_6	10473904	scaffold_6	10471432	10472977	jg6521	1699.5
scaffold_6	10473904	scaffold_6	10477194	10480371	jg6522	4878.5
scaffold_6	10907828	scaffold_6	10908664	10910755	jg6603	1881.5
scaffold_6	11037772	scaffold_6	11032768	11033825	jg6628	4475.5
scaffold_6	11037772	scaffold_6	11040666	11041214	jg6629	3168
scaffold_6	11037772	scaffold_6	11041725	11042158	jg6630	4169.5
scaffold_6	11052044	scaffold_6	11048909	11050631	jg6632	2274
scaffold_6	11107334	scaffold_6	11104781	11105343	jg6644	2272
scaffold_6	11107334	scaffold_6	11108740	11112956	jg6645	3514
scaffold_6	11147067	scaffold_6	11143254	11144767	jg6652	3056.5
scaffold_6	11147067	scaffold_6	11145411	11147508	jg6653	607.5
scaffold_6	11147067	scaffold_6	11149661	11151478	jg6654	3502.5
scaffold_6	11695594	scaffold_6	11694300	11696114	jg6757	387
scaffold_6	11695594	scaffold_6	11696364	11696963	jg6758	1069.5
scaffold_6	11695594	scaffold_6	11698311	11700511	jg6759	3817
scaffold_6	11746755	scaffold_6	11743176	11744315	jg6767	3009.5
scaffold_6	11746755	scaffold_6	11748941	11749898	jg6768	2664.5
scaffold_6	11841823	scaffold_6	11838772	11841199	jg6783	1837.5
scaffold_6	11841823	scaffold_6	11842034	11843822	jg6784	1105
scaffold_6	14794666	scaffold_6	14792792	14793603	jg7111	1468.5
scaffold_6	14794666	scaffold_6	14793731	14796513	jg7112	456
scaffold_6	14794666	scaffold_6	14798521	14798748	jg7113	3968.5
scaffold_6	15104150	scaffold_6	15105328	15108343	jg7165	2685.5
scaffold_6	15580914	scaffold_6	15576067	15579650	jg7236	3055.5
scaffold_6	15580914	scaffold_6	15580195	15580557	jg7237	538
scaffold_6	15580914	scaffold_6	15581572	15583600	jg7238	1672
scaffold_6	15580914	scaffold_6	15585201	15585554	jg7239	4463.5
scaffold_6	15850793	scaffold_6	15845205	15846446	jg7285	4967.5
scaffold_6	15850793	scaffold_6	15848053	15849810	jg7286	1861.5
scaffold_6	15850793	scaffold_6	15851827	15855149	jg7287	2695
scaffold_6	15885445	scaffold_6	15880238	15882470	jg7292	4091
scaffold_6	15885445	scaffold_6	15889397	15890722	jg7293	4614.5
scaffold_6	16040792	scaffold_6	16035728	16036559	jg7324	4648.5
scaffold_6	16040792	scaffold_6	16039800	16040189	jg7325	797.5
scaffold_6	16040792	scaffold_6	16040744	16042214	jg7326	687
scaffold_6	16040792	scaffold_6	16042965	16044337	jg7327	2859
scaffold_6	16215004	scaffold_6	16213481	16214797	jg7362	865
scaffold_6	16471798	scaffold_6	16467481	16468203	jg7409	3956
scaffold_6	16471798	scaffold_6	16468916	16469690	jg7410	2495
scaffold_6	16471798	scaffold_6	16470318	16470962	jg7411	1158
scaffold_6	16490330	scaffold_6	16486506	16488652	jg7413	2751
scaffold_6	16490330	scaffold_6	16489186	16490178	jg7414	648
scaffold_6	16490330	scaffold_6	16492892	16493473	jg7415	2852.5
scaffold_6	17025693	scaffold_6	17026319	17028634	jg7537	1783.5
scaffold_6	17025693	scaffold_6	17029470	17031473	jg7538	4778.5
scaffold_6	17065075	scaffold_6	17063721	17064905	jg7548	762
scaffold_6	17065075	scaffold_6	17066058	17067356	jg7549	1632
scaffold_6	17170213	scaffold_6	17167035	17169337	jg7577	2027
scaffold_6	17170213	scaffold_6	17173202	17176159	jg7578	4467.5
scaffold_6	17170986	scaffold_6	17167035	17169337	jg7577	2800
scaffold_6	17170986	scaffold_6	17173202	17176159	jg7578	3694.5
scaffold_6	17295688	scaffold_6	17290655	17294726	jg7602	2997.5
scaffold_6	17295688	scaffold_6	17295449	17302132	jg7603	3102.5
scaffold_6	17604668	scaffold_6	17604570	17605376	jg7668	305
scaffold_6	17604668	scaffold_6	17607246	17610494	jg7669	4202
scaffold_6	18172222	scaffold_6	18170521	18171354	jg7807	1284.5
scaffold_6	18172222	scaffold_6	18172407	18173417	jg7808	690
scaffold_6	18172222	scaffold_6	18174272	18175959	jg7809	2893.5
scaffold_6	18172222	scaffold_6	18176478	18177753	jg7810	4893.5
scaffold_6	18211758	scaffold_6	18206623	18207874	jg7820	4509.5
scaffold_6	18211758	scaffold_6	18208475	18209506	jg7821	2767.5
scaffold_6	18211758	scaffold_6	18209648	18211577	jg7822	1145.5
scaffold_6	18652379	scaffold_6	18646944	18650805	jg7939	3504.5
scaffold_6	18652379	scaffold_6	18650992	18655460	jg7940	847
scaffold_6	18844473	scaffold_6	18845423	18848826	jg7986	2651.5
scaffold_6	19878035	scaffold_6	19872532	19875006	jg8249	4266
scaffold_6	19878035	scaffold_6	19875208	19875816	jg8250	2523
scaffold_6	19878035	scaffold_6	19875862	19876661	jg8251	1773.5
scaffold_7	468841	scaffold_7	463574	464181	jg8401	4963.5
scaffold_7	468841	scaffold_7	465997	467514	jg8402	2085.5
scaffold_7	468841	scaffold_7	467851	468240	jg8403	795.5
scaffold_7	755428	scaffold_7	751479	752697	jg8481	3340
scaffold_7	755428	scaffold_7	753765	755027	jg8482	1032
scaffold_7	755428	scaffold_7	755931	756610	jg8483	842.5
scaffold_7	755428	scaffold_7	758864	760955	jg8484	4481.5
scaffold_7	831462	scaffold_7	826299	827418	jg8504	4603.5
scaffold_7	831462	scaffold_7	827625	831184	jg8505	2057.5
scaffold_7	831462	scaffold_7	833411	835825	jg8506	3156
scaffold_7	1003969	scaffold_7	999142	1000627	jg8554	4084.5
scaffold_7	1037212	scaffold_7	1034147	1036586	jg8558	1845.5
scaffold_7	1037212	scaffold_7	1038216	1040574	jg8559	2183
scaffold_7	1513711	scaffold_7	1509429	1511281	jg8665	3356
scaffold_7	1513711	scaffold_7	1511503	1512969	jg8666	1475
scaffold_7	1763986	scaffold_7	1759569	1760338	jg8723	4032.5
scaffold_7	1763986	scaffold_7	1760782	1761181	jg8724	3004.5
scaffold_7	1763986	scaffold_7	1761584	1763912	jg8725	1238
scaffold_7	2791344	scaffold_7	2786393	2791938	jg9012	2178.5
scaffold_7	2791344	scaffold_7	2792805	2793128	jg9013	1622.5
scaffold_7	2791344	scaffold_7	2793783	2795192	jg9014	3143.5
scaffold_7	3162903	scaffold_7	3160363	3161115	jg9109	2164
scaffold_7	3162903	scaffold_7	3166153	3168381	jg9110	4364
scaffold_7	3608516	scaffold_7	3603318	3607883	jg9211	2915.5
scaffold_7	3667310	scaffold_7	3662107	3664274	jg9223	4119.5
scaffold_7	3667310	scaffold_7	3664846	3667556	jg9224	1109
scaffold_7	3667310	scaffold_7	3667615	3670126	jg9225	1560.5
scaffold_7	3667310	scaffold_7	3670594	3672553	jg9226	4263.5
scaffold_7	4149922	scaffold_7	4145812	4146503	jg9351	3764.5
scaffold_7	4149922	scaffold_7	4147742	4149644	jg9352	1229
scaffold_7	4149922	scaffold_7	4150156	4151503	jg9353	907.5
scaffold_7	4149922	scaffold_7	4152499	4155207	jg9354	3931
scaffold_7	4599424	scaffold_7	4593061	4596315	jg9456	4736
scaffold_7	4599424	scaffold_7	4600653	4602278	jg9457	2041.5
scaffold_7	5405502	scaffold_7	5404425	5404631	jg9679	974
scaffold_7	5405502	scaffold_7	5407301	5411548	jg9680	3922.5
scaffold_7	5833311	scaffold_7	5828494	5831535	jg9792	3296.5
scaffold_7	5833311	scaffold_7	5831673	5832942	jg9793	1003.5
scaffold_7	5833311	scaffold_7	5833709	5836240	jg9794	1663.5
scaffold_7	5833311	scaffold_7	5836680	5838271	jg9795	4164.5
scaffold_7	6743878	scaffold_7	6739488	6741504	jg10040	3382
scaffold_7	6743878	scaffold_7	6741828	6742880	jg10041	1524
scaffold_7	6743878	scaffold_7	6743352	6743849	jg10042	277.5
scaffold_7	6743878	scaffold_7	6744067	6747211	jg10043	1761
scaffold_7	6743878	scaffold_7	6747667	6749312	jg10044	4611.5
scaffold_7	6838778	scaffold_7	6834335	6834898	jg10070	4161.5
scaffold_7	6838778	scaffold_7	6835827	6838272	jg10071	1728.5
scaffold_7	6838778	scaffold_7	6842575	6843327	jg10072	4173
scaffold_7	7605340	scaffold_7	7600006	7602348	jg10262	4163
scaffold_7	7605340	scaffold_7	7602948	7603523	jg10263	2104.5
scaffold_7	7605340	scaffold_7	7606658	7607663	jg10264	1820.5
scaffold_7	7606114	scaffold_7	7600006	7602348	jg10262	4937
scaffold_7	7606114	scaffold_7	7602948	7603523	jg10263	2878.5
scaffold_7	7606114	scaffold_7	7606658	7607663	jg10264	1046.5
scaffold_7	7864671	scaffold_7	7858853	7863629	jg10334	3430
scaffold_7	7864671	scaffold_7	7867051	7868437	jg10335	3073
scaffold_7	7959811	scaffold_7	7956585	7956932	jg10358	3052.5
scaffold_7	7959811	scaffold_7	7957407	7958094	jg10359	2060.5
scaffold_7	7959811	scaffold_7	7959344	7962649	jg10360	1185.5
scaffold_7	8636104	scaffold_7	8632040	8633450	jg10536	3359
scaffold_7	8636104	scaffold_7	8633706	8636012	jg10537	1245
scaffold_7	8636104	scaffold_7	8637235	8641184	jg10538	3105.5
scaffold_7	8682854	scaffold_7	8683449	8686222	jg10544	1981.5
scaffold_7	8682854	scaffold_7	8686857	8688677	jg10545	4913
scaffold_7	9024936	scaffold_7	9022093	9022464	jg10640	2657.5
scaffold_7	9214094	scaffold_7	9209734	9210875	jg10687	3789.5
scaffold_7	9214094	scaffold_7	9211093	9213290	jg10688	1902.5
scaffold_7	9214094	scaffold_7	9214639	9216779	jg10689	1615
scaffold_7	9214094	scaffold_7	9218438	9218764	jg10690	4507
scaffold_7	9943832	scaffold_7	9939251	9940749	jg10862	3832
scaffold_7	9943832	scaffold_7	9941355	9943138	jg10863	1585.5
scaffold_7	9943832	scaffold_7	9943311	9945181	jg10864	414
scaffold_7	9943832	scaffold_7	9945730	9947459	jg10865	2762.5
scaffold_7	9943832	scaffold_7	9947903	9949724	jg10866	4981.5
scaffold_7	10232421	scaffold_7	10231271	10232144	jg10937	713.5
scaffold_7	10481046	scaffold_7	10475027	10477169	jg10992	4948
scaffold_7	10481046	scaffold_7	10477634	10478029	jg10993	3214.5
scaffold_7	10481046	scaffold_7	10479694	10480044	jg10994	1177
scaffold_7	10909958	scaffold_7	10906466	10909021	jg11092	2214.5
scaffold_7	10909958	scaffold_7	10910948	10911631	jg11093	1331.5
scaffold_7	10909958	scaffold_7	10912401	10912901	jg11094	2693
scaffold_7	11399640	scaffold_7	11392321	11399000	jg11202	3979.5
scaffold_7	11399640	scaffold_7	11401744	11404818	jg11203	3641
scaffold_7	11789698	scaffold_7	11792597	11794797	jg11296	3999
scaffold_7	11800922	scaffold_7	11795579	11799093	jg11297	3586
scaffold_7	11800922	scaffold_7	11802114	11802470	jg11298	1370
scaffold_7	11956076	scaffold_7	11954388	11955351	jg11328	1206.5
scaffold_7	11956076	scaffold_7	11955552	11957149	jg11329	274.5
scaffold_7	11956076	scaffold_7	11957824	11959257	jg11330	2464.5
scaffold_7	12315978	scaffold_7	12310744	12311556	jg11412	4828
scaffold_7	12315978	scaffold_7	12313475	12315180	jg11413	1650.5
scaffold_7	12935778	scaffold_7	12933021	12935636	jg11519	1449.5
scaffold_7	12935778	scaffold_7	12938495	12941954	jg11520	4446.5
scaffold_7	13026552	scaffold_7	13020246	13023396	jg11537	4731
scaffold_7	13026554	scaffold_7	13020246	13023396	jg11537	4733
scaffold_7	13051895	scaffold_7	13047141	13048682	jg11538	3983.5
scaffold_7	13317517	scaffold_7	13314347	13314955	jg11571	2866
scaffold_7	13317517	scaffold_7	13320036	13320931	jg11572	2966.5
scaffold_7	13770850	scaffold_7	13767769	13770213	jg11651	1859
scaffold_7	13770850	scaffold_7	13770897	13771917	jg11652	557
scaffold_7	16154464	scaffold_7	16150056	16152578	jg11853	3147
scaffold_7	16154464	scaffold_7	16153554	16154732	jg11854	321
scaffold_7	16154464	scaffold_7	16155465	16157085	jg11855	1811
scaffold_7	16800788	scaffold_7	16798763	16800557	jg11945	1128
scaffold_7	16800788	scaffold_7	16802475	16804819	jg11946	2859
scaffold_7	16845981	scaffold_7	16842990	16843835	jg11956	2568.5
scaffold_7	16845981	scaffold_7	16847408	16847779	jg11957	1612.5
scaffold_7	16968918	scaffold_7	16963320	16968033	jg11973	3241.5
scaffold_7	18211982	scaffold_7	18207531	18210503	jg12168	2965
scaffold_7	18211982	scaffold_7	18213301	18216411	jg12169	2874
scaffold_7	18255061	scaffold_7	18251808	18253628	jg12178	2343
scaffold_7	18255061	scaffold_7	18253900	18255878	jg12179	172
scaffold_7	18368263	scaffold_7	18367723	18370899	jg12201	1048
scaffold_7	18394671	scaffold_7	18393148	18394464	jg12205	865
scaffold_7	18589688	scaffold_7	18585513	18586522	jg12246	3670.5
scaffold_7	18589688	scaffold_7	18587768	18590650	jg12247	479
scaffold_7	18715835	scaffold_7	18711642	18712064	jg12274	3982
scaffold_7	18715835	scaffold_7	18712830	18713364	jg12275	2738
scaffold_7	18715835	scaffold_7	18715083	18716015	jg12276	286
scaffold_7	18715835	scaffold_7	18717843	18718919	jg12277	2546
scaffold_7	18962330	scaffold_7	18955839	18960143	jg12314	4339
scaffold_7	18962330	scaffold_7	18961414	18961725	jg12315	760.5
scaffold_7	19084831	scaffold_7	19082756	19083946	jg12338	1480
scaffold_7	19084831	scaffold_7	19087199	19090797	jg12339	4167
scaffold_7	19139601	scaffold_7	19139434	19140550	jg12350	391
scaffold_7	19139601	scaffold_7	19141368	19142015	jg12351	2090.5
scaffold_7	19139601	scaffold_7	19142999	19143722	jg12352	3759.5
scaffold_7	19615102	scaffold_7	19611347	19613829	jg12460	2514
scaffold_7	19615102	scaffold_7	19616227	19618872	jg12461	2447.5
scaffold_7	19684421	scaffold_7	19682904	19683688	jg12475	1125
scaffold_7	19684421	scaffold_7	19688271	19689051	jg12476	4240
scaffold_7	20001193	scaffold_7	19997954	20000298	jg12554	2067
scaffold_7	20001193	scaffold_7	20000674	20002027	jg12555	157.5
scaffold_7	20001193	scaffold_7	20002400	20003416	jg12556	1715
scaffold_7	20001193	scaffold_7	20005041	20006223	jg12557	4439
scaffold_7	20040092	scaffold_7	20036030	20039175	jg12563	2489.5
scaffold_7	20360870	scaffold_7	20354869	20359248	jg12636	3811.5
scaffold_7	20360870	scaffold_7	20360389	20362435	jg12637	542
scaffold_7	20360870	scaffold_7	20362779	20365743	jg12638	3391
scaffold_7	20458120	scaffold_7	20452733	20453882	jg12654	4812.5
scaffold_7	20458120	scaffold_7	20455849	20457760	jg12655	1315.5
scaffold_7	20554340	scaffold_7	20548925	20550483	jg12671	4636
scaffold_7	20554340	scaffold_7	20550742	20553082	jg12672	2428
scaffold_7	20554340	scaffold_7	20554293	20554994	jg12673	303.5
scaffold_7	20554340	scaffold_7	20558644	20559279	jg12674	4621.5
scaffold_7	20896920	scaffold_7	20895603	20898935	jg12756	349
scaffold_7	20896920	scaffold_7	20900633	20902186	jg12757	4489.5
scaffold_8	1110300	scaffold_8	1106699	1107527	jg20522	3187
scaffold_8	1110300	scaffold_8	1107935	1110073	jg20523	1296
scaffold_8	1110300	scaffold_8	1110971	1114220	jg20524	2295.5
scaffold_8	1159093	scaffold_8	1154332	1158819	jg20535	2517.5
scaffold_8	1381749	scaffold_8	1379955	1381122	jg20577	1210.5
scaffold_8	1485484	scaffold_8	1481987	1485736	jg20590	1622.5
scaffold_8	1485484	scaffold_8	1486574	1489092	jg20591	2349
scaffold_8	1570649	scaffold_8	1571718	1573243	jg20605	1831.5
scaffold_8	1570649	scaffold_8	1574542	1575899	jg20606	4571.5
scaffold_8	1611636	scaffold_8	1609575	1611441	jg20612	1128
scaffold_8	1748083	scaffold_8	1742862	1746347	jg20650	3478.5
scaffold_8	1748083	scaffold_8	1749795	1751125	jg20651	2377
scaffold_8	1748083	scaffold_8	1751763	1752071	jg20652	3834
scaffold_8	2358918	scaffold_8	2354618	2356458	jg20783	3380
scaffold_8	2358918	scaffold_8	2362997	2364654	jg20784	4907.5
scaffold_8	2410372	scaffold_8	2406661	2408108	jg20793	2987.5
scaffold_8	2410372	scaffold_8	2408483	2414125	jg20794	932
scaffold_8	2419234	scaffold_8	2414755	2417025	jg20795	3344
scaffold_8	2419234	scaffold_8	2419611	2421933	jg20796	1538
scaffold_8	3019141	scaffold_8	3018608	3020239	jg20912	282.5
scaffold_8	3019141	scaffold_8	3021177	3023317	jg20913	3106
scaffold_8	3079542	scaffold_8	3082848	3084245	jg20926	4004.5
scaffold_8	3584452	scaffold_8	3581390	3582975	jg21018	2269.5
scaffold_8	3584452	scaffold_8	3585152	3585500	jg21019	874
scaffold_8	3584452	scaffold_8	3588455	3588739	jg21020	4145
scaffold_8	3585852	scaffold_8	3581390	3582975	jg21018	3669.5
scaffold_8	3585852	scaffold_8	3585152	3585500	jg21019	526
scaffold_8	3585852	scaffold_8	3588455	3588739	jg21020	2745
scaffold_8	3725858	scaffold_8	3721751	3725258	jg21037	2353.5
scaffold_8	3725858	scaffold_8	3726921	3728544	jg21038	1874.5
scaffold_8	3813796	scaffold_8	3813543	3814349	jg21051	150
scaffold_8	3813796	scaffold_8	3814715	3815450	jg21052	1286.5
scaffold_8	4084032	scaffold_8	4079869	4081374	jg21096	3410.5
scaffold_8	4084032	scaffold_8	4086391	4087610	jg21097	2968.5
scaffold_8	4217371	scaffold_8	4221646	4222302	jg21123	4603
scaffold_8	4276943	scaffold_8	4273348	4274052	jg21131	3243
scaffold_8	4276943	scaffold_8	4277231	4280432	jg21132	1888.5
scaffold_8	6318452	scaffold_8	6312566	6315147	jg21369	4595.5
scaffold_8	6318452	scaffold_8	6315730	6317478	jg21370	1848
scaffold_8	6318452	scaffold_8	6318408	6321087	jg21371	1295.5
scaffold_8	6318452	scaffold_8	6322457	6324407	jg21372	4980
scaffold_8	6801673	scaffold_8	6802315	6803568	jg21468	1268.5
scaffold_8	6801673	scaffold_8	6805169	6806610	jg21469	4216.5
scaffold_8	6831520	scaffold_8	6833549	6837284	jg21472	3896.5
scaffold_8	7286416	scaffold_8	7288478	7291317	jg21566	3481.5
scaffold_8	7601736	scaffold_8	7596712	7599094	jg21615	3833
scaffold_8	7601736	scaffold_8	7603517	7604899	jg21616	2472
scaffold_8	7602180	scaffold_8	7596712	7599094	jg21615	4277
scaffold_8	7602180	scaffold_8	7603517	7604899	jg21616	2028
scaffold_8	7839230	scaffold_8	7836731	7837897	jg21664	1916
scaffold_8	7900876	scaffold_8	7898790	7900170	jg21673	1396
scaffold_8	7900876	scaffold_8	7901599	7902544	jg21674	1195.5
scaffold_8	7900876	scaffold_8	7905167	7905481	jg21675	4448
scaffold_8	9600106	scaffold_8	9596477	9597623	jg22070	3056
scaffold_8	9600106	scaffold_8	9598251	9598595	jg22071	1683
scaffold_8	9600106	scaffold_8	9600964	9603320	jg22072	2036
scaffold_8	9615449	scaffold_8	9617113	9620269	jg22073	3242
scaffold_8	10677395	scaffold_8	10672356	10673396	jg22363	4519
scaffold_8	10677395	scaffold_8	10675096	10676133	jg22364	1780.5
scaffold_8	10677395	scaffold_8	10676504	10677535	jg22365	375.5
scaffold_8	10677395	scaffold_8	10678075	10680427	jg22366	1856
scaffold_8	10845785	scaffold_8	10840775	10844219	jg22412	3288
scaffold_8	10845785	scaffold_8	10846582	10850171	jg22413	2591.5
scaffold_8	11180752	scaffold_8	11175947	11178163	jg22499	3697
scaffold_8	11180752	scaffold_8	11178660	11178908	jg22500	1968
scaffold_8	11180752	scaffold_8	11179216	11180614	jg22501	837
scaffold_8	11180752	scaffold_8	11183710	11185135	jg22502	3670.5
scaffold_8	11730566	scaffold_8	11731649	11734396	jg22636	2456.5
scaffold_8	11730566	scaffold_8	11735020	11735673	jg22637	4780.5
scaffold_8	12003696	scaffold_8	11999143	11999846	jg22701	4201.5
scaffold_8	12003696	scaffold_8	12000323	12004082	jg22702	1493.5
scaffold_8	12556549	scaffold_8	12551991	12552434	jg22864	4336.5
scaffold_8	12556549	scaffold_8	12555054	12555546	jg22865	1249
scaffold_8	12556549	scaffold_8	12556291	12556527	jg22866	140
scaffold_8	12556549	scaffold_8	12557586	12558780	jg22867	1634
scaffold_8	13631708	scaffold_8	13633536	13637578	jg23148	3849
scaffold_8	14091842	scaffold_8	14087565	14088760	jg23266	3679.5
scaffold_8	14091842	scaffold_8	14089596	14091398	jg23267	1345
scaffold_8	14091842	scaffold_8	14094881	14095111	jg23268	3154
scaffold_8	14312930	scaffold_8	14307433	14310549	jg23328	3939
scaffold_8	14312930	scaffold_8	14312118	14313952	jg23329	105
scaffold_8	14312930	scaffold_8	14314660	14316602	jg23330	2701
scaffold_8	14312930	scaffold_8	14317345	14318514	jg23331	4999.5
scaffold_8	14314938	scaffold_8	14312118	14313952	jg23329	1903
scaffold_8	14314938	scaffold_8	14314660	14316602	jg23330	693
scaffold_8	14314938	scaffold_8	14317345	14318514	jg23331	2991.5
scaffold_8	14933312	scaffold_8	14927753	14932074	jg23502	3398.5
scaffold_8	14933312	scaffold_8	14933534	14934733	jg23503	821.5
scaffold_8	14933312	scaffold_8	14935853	14938806	jg23504	4017.5
scaffold_8	15389814	scaffold_8	15385808	15386280	jg23609	3770
scaffold_8	15389814	scaffold_8	15390155	15392177	jg23610	1352
scaffold_8	15389814	scaffold_8	15392736	15395551	jg23611	4329.5
scaffold_8	15537350	scaffold_8	15532694	15536424	jg23648	2791
scaffold_8	15537350	scaffold_8	15536867	15538439	jg23649	303
scaffold_8	15537350	scaffold_8	15538736	15539653	jg23650	1844.5
scaffold_8	15549875	scaffold_8	15544840	15546505	jg23651	4202.5
scaffold_8	15549875	scaffold_8	15550652	15553337	jg23652	2119.5
scaffold_8	15549875	scaffold_8	15553804	15555512	jg23653	4783
