CHROM	POS	WEIR_AND_COCKERHAM_FST
scaffold_1	225021	0.757941
scaffold_1	396123	0.742188
scaffold_1	537021	0.873505
scaffold_1	547143	0.80891
scaffold_1	991794	0.711823
scaffold_1	2243007	0.678571
scaffold_1	2588865	1
scaffold_1	2987491	0.666667
scaffold_1	3064614	0.671425
scaffold_1	3233683	0.697161
scaffold_1	3481453	0.773585
scaffold_1	3699498	0.666879
scaffold_1	4535346	1
scaffold_1	4989160	0.778578
scaffold_1	5159815	0.752691
scaffold_1	5239807	0.68976
scaffold_1	5692049	0.666667
scaffold_1	5909183	1
scaffold_1	6404678	0.721863
scaffold_1	6706731	0.794012
scaffold_1	7175784	0.666879
scaffold_1	7958847	0.830161
scaffold_1	8116725	0.8
scaffold_1	8360093	0.817792
scaffold_1	8878086	0.731838
scaffold_1	9108682	1
scaffold_1	9121917	0.687117
scaffold_1	9424111	1
scaffold_1	9790093	0.75431
scaffold_1	10331310	0.669056
scaffold_1	10618244	0.840426
scaffold_1	10780399	1
scaffold_1	10911852	0.694933
scaffold_1	11130348	0.666667
scaffold_1	11306844	0.75
scaffold_1	11439793	1
scaffold_1	11715547	0.773106
scaffold_1	11875027	0.777865
scaffold_1	11937203	0.733203
scaffold_1	11940282	0.666667
scaffold_1	12427502	0.683475
scaffold_1	12432566	0.714286
scaffold_1	12564736	0.719436
scaffold_1	13287705	1
scaffold_1	13299464	1
scaffold_1	13409802	0.845238
scaffold_1	13443387	1
scaffold_1	13966902	0.760684
scaffold_1	14142238	0.666667
scaffold_1	14251790	0.803571
scaffold_1	14351347	0.695036
scaffold_1	15046011	0.760355
scaffold_1	15139403	0.682105
scaffold_1	15263799	0.830161
scaffold_1	15454827	0.761843
scaffold_1	15761481	1
scaffold_1	16098503	1
scaffold_1	16775721	0.666667
scaffold_1	16994509	0.71258
scaffold_1	17614367	0.727573
scaffold_1	17620997	0.687117
scaffold_1	17826181	0.683184
scaffold_1	17886754	0.877637
scaffold_1	18232792	0.837124
scaffold_1	18268868	0.817792
scaffold_1	18342723	1
scaffold_1	18459905	0.735228
scaffold_1	18480807	0.666667
scaffold_1	18490887	0.666667
scaffold_1	19037534	0.75
scaffold_1	19120186	0.742188
scaffold_1	19333753	0.803571
scaffold_1	19413783	1
scaffold_1	19527790	1
scaffold_1	19930607	0.680851
scaffold_1	20814912	1
scaffold_1	20816577	0.752454
scaffold_1	21383614	0.730551
scaffold_1	21442756	0.705808
scaffold_1	21470945	0.69279
scaffold_1	21555727	0.899188
scaffold_1	21714403	0.70104
scaffold_1	22209327	0.673571
scaffold_1	22307541	0.666667
scaffold_2	79070	0.881902
scaffold_2	482599	0.778808
scaffold_2	874410	1
scaffold_2	950804	0.865135
scaffold_2	1408056	1
scaffold_2	1563405	0.666667
scaffold_2	1753764	0.751109
scaffold_2	2139474	0.714286
scaffold_2	2194987	0.722511
scaffold_2	2323564	0.773585
scaffold_2	2345810	0.666667
scaffold_2	2436883	0.902403
scaffold_2	2779798	0.694049
scaffold_2	2795357	1
scaffold_2	3305615	0.804878
scaffold_2	4369837	0.723271
scaffold_2	4537004	0.804878
scaffold_2	4547552	0.71588
scaffold_2	4887514	0.684211
scaffold_2	5085643	0.909119
scaffold_2	5135551	0.797753
scaffold_2	5212856	0.666667
scaffold_2	5268097	0.777778
scaffold_2	5596387	0.735751
scaffold_2	8137422	0.666667
scaffold_2	8392741	0.666667
scaffold_2	8745817	0.896844
scaffold_2	8968685	0.714286
scaffold_2	9082039	0.692708
scaffold_2	9089929	0.666667
scaffold_2	9378223	0.919039
scaffold_2	9421086	0.666667
scaffold_2	9608257	0.865208
scaffold_2	10184794	0.6875
scaffold_2	10217901	0.666667
scaffold_2	10442360	0.686275
scaffold_2	10450985	0.749592
scaffold_2	10729902	0.881902
scaffold_2	11248443	0.868687
scaffold_2	11297119	0.701398
scaffold_2	11486793	0.78869
scaffold_2	11898484	0.857899
scaffold_2	12010710	0.73913
scaffold_2	12205817	0.771763
scaffold_2	12388822	0.669794
scaffold_2	12393066	0.668318
scaffold_2	12432190	0.675976
scaffold_2	12456191	0.804878
scaffold_2	12751023	0.756229
scaffold_2	13153636	0.682356
scaffold_2	13437505	0.881902
scaffold_2	13509889	0.698774
scaffold_2	13521749	1
scaffold_2	13919949	0.840426
scaffold_2	14757116	1
scaffold_2	14834256	0.714286
scaffold_2	15262467	0.824701
scaffold_2	15291372	0.8
scaffold_2	15508683	0.749226
scaffold_2	15947388	0.728155
scaffold_3	32153	0.72619
scaffold_3	1036068	0.890411
scaffold_3	1054036	0.8
scaffold_3	1160559	0.90161
scaffold_3	1277481	0.865655
scaffold_3	1910793	0.666879
scaffold_3	1970447	0.739272
scaffold_3	2179465	0.78687
scaffold_3	2400134	0.666667
scaffold_3	2542999	0.767857
scaffold_3	3126744	0.714286
scaffold_3	3318293	0.701398
scaffold_3	4014018	0.719436
scaffold_3	4093783	0.763695
scaffold_3	4102164	0.907701
scaffold_3	4387361	0.827949
scaffold_3	4629084	0.715959
scaffold_3	5422655	0.759837
scaffold_3	5613411	0.75
scaffold_3	5661120	0.857697
scaffold_3	5710469	0.666667
scaffold_3	5961529	0.777778
scaffold_3	5997162	0.750271
scaffold_3	6112599	1
scaffold_3	6293442	0.940737
scaffold_3	6456659	0.690667
scaffold_3	6617102	0.684211
scaffold_3	6635986	0.694656
scaffold_3	6685190	0.749592
scaffold_3	6737829	0.762873
scaffold_3	6750589	0.753425
scaffold_3	7011821	1
scaffold_3	7652754	0.666667
scaffold_3	7719531	0.714286
scaffold_3	7885459	0.873505
scaffold_3	8167521	0.736151
scaffold_3	8274676	1
scaffold_3	8556574	0.721863
scaffold_3	8708166	0.735751
scaffold_3	8822427	0.666667
scaffold_3	8835711	0.777778
scaffold_3	8860240	0.678571
scaffold_3	8995243	0.792899
scaffold_3	9067295	0.837772
scaffold_3	9067625	0.821586
scaffold_3	9067986	0.758883
scaffold_3	9443267	0.734807
scaffold_3	9583316	0.857143
scaffold_3	9926360	0.70104
scaffold_3	10196721	0.786982
scaffold_3	10212334	0.666667
scaffold_3	10412840	0.75422
scaffold_3	10503247	0.857143
scaffold_3	10875283	0.678839
scaffold_3	10884975	1
scaffold_3	10896055	0.676749
scaffold_3	11459452	0.666667
scaffold_3	12053873	0.720281
scaffold_3	12131773	0.710126
scaffold_3	12428310	0.860735
scaffold_3	15672749	0.833333
scaffold_3	15793250	0.738997
scaffold_3	15842795	0.881902
scaffold_3	15872742	0.752871
scaffold_3	16167410	0.703957
scaffold_3	16260043	0.698599
scaffold_3	16321024	0.90158
scaffold_3	16782610	0.726992
scaffold_3	16799517	0.749226
scaffold_3	16888152	0.75
scaffold_3	17062977	0.722222
scaffold_3	17147971	0.799061
scaffold_3	17527142	0.757576
scaffold_3	17728996	0.78166
scaffold_3	17899102	0.714286
scaffold_3	17993960	0.868687
scaffold_3	18125353	0.714286
scaffold_3	18368067	0.678504
scaffold_3	18475532	0.796687
scaffold_3	18667566	1
scaffold_3	19051363	0.786925
scaffold_4	411406	0.670583
scaffold_4	781129	0.686104
scaffold_4	863716	0.748945
scaffold_4	1116301	0.705673
scaffold_4	1509545	0.896844
scaffold_4	1821433	0.83871
scaffold_4	2386794	0.711117
scaffold_4	2413389	0.701663
scaffold_4	2506486	0.666667
scaffold_4	2551213	1
scaffold_4	2797826	0.666667
scaffold_4	3876805	0.732026
scaffold_4	3906552	0.674603
scaffold_4	4016889	0.666667
scaffold_4	4044983	0.714778
scaffold_4	4428140	0.666667
scaffold_4	4435870	0.672026
scaffold_4	4451744	0.704097
scaffold_4	5849460	0.90161
scaffold_4	6236144	0.746378
scaffold_4	6458001	0.666667
scaffold_4	6541494	0.830161
scaffold_4	6545037	0.753615
scaffold_4	6867326	1
scaffold_4	6935792	0.757576
scaffold_4	6956627	0.835873
scaffold_4	7104410	0.883248
scaffold_4	7522014	0.714286
scaffold_4	7579792	0.705847
scaffold_4	7600871	1
scaffold_4	7665349	0.683233
scaffold_4	7675739	0.680851
scaffold_4	7763558	0.722744
scaffold_4	7883596	1
scaffold_4	8105028	0.821181
scaffold_4	8692466	0.681101
scaffold_4	8910377	1
scaffold_4	8985352	0.803571
scaffold_4	9402895	0.771131
scaffold_4	9479035	0.75
scaffold_4	9515200	0.777778
scaffold_4	9647961	0.868687
scaffold_4	9807970	0.704097
scaffold_4	10276894	0.666667
scaffold_4	10296140	0.666667
scaffold_4	10389218	0.674342
scaffold_4	10522978	0.666667
scaffold_4	10588015	0.731379
scaffold_4	10846190	0.727273
scaffold_4	11047261	0.863148
scaffold_4	11713217	1
scaffold_4	12814637	0.714286
scaffold_4	13221215	0.666667
scaffold_4	13247580	0.676508
scaffold_4	13490394	0.683475
scaffold_4	14316869	0.891328
scaffold_4	14803797	0.666667
scaffold_4	14990747	0.846154
scaffold_4	15387206	0.784169
scaffold_4	15870348	0.714286
scaffold_4	15964334	0.833333
scaffold_4	16113384	0.853529
scaffold_4	16212881	0.731927
scaffold_4	16770842	0.714286
scaffold_4	16897802	0.721863
scaffold_4	17270912	0.933754
scaffold_4	17475562	0.890411
scaffold_5	232437	0.833333
scaffold_5	275081	0.666667
scaffold_5	1181917	0.719815
scaffold_5	1356302	0.714286
scaffold_5	1853382	0.666667
scaffold_5	2155355	1
scaffold_5	2162711	0.692308
scaffold_5	2685439	0.673571
scaffold_5	2806366	1
scaffold_5	3296189	1
scaffold_5	3379069	0.766722
scaffold_5	3459727	0.75
scaffold_5	3657142	0.798243
scaffold_5	4507959	0.753425
scaffold_5	4559856	0.818182
scaffold_5	4658965	0.714286
scaffold_5	6228105	0.697297
scaffold_5	6233524	1
scaffold_5	6378849	0.686321
scaffold_5	6464092	0.777778
scaffold_5	6907222	0.727273
scaffold_5	6947159	1
scaffold_5	7041637	0.75
scaffold_5	7331946	0.713632
scaffold_5	7413808	0.694444
scaffold_5	7458888	0.679617
scaffold_5	7553484	0.742188
scaffold_5	7968670	0.750919
scaffold_5	8024615	0.714286
scaffold_5	8024907	0.714286
scaffold_5	8129487	0.818182
scaffold_5	8130818	0.918427
scaffold_5	8388822	0.745679
scaffold_5	8392303	0.863454
scaffold_5	8394239	0.835507
scaffold_5	8503320	0.8
scaffold_5	8837882	0.815724
scaffold_5	8878594	0.804878
scaffold_5	9159533	0.704097
scaffold_5	9310332	0.94329
scaffold_5	9375831	0.666667
scaffold_5	10071460	0.738095
scaffold_5	10104388	0.666667
scaffold_5	10427971	0.666667
scaffold_5	10691163	0.666667
scaffold_5	10781139	1
scaffold_5	10816630	0.666667
scaffold_5	10818192	0.679274
scaffold_5	10953912	0.666667
scaffold_5	11337033	0.80891
scaffold_5	11402249	0.8
scaffold_5	11408221	0.910663
scaffold_5	13722670	0.777778
scaffold_5	13756062	0.714286
scaffold_5	13775920	1
scaffold_5	14360256	0.714286
scaffold_5	14427352	0.741827
scaffold_6	225288	0.714286
scaffold_6	402853	0.727273
scaffold_6	403526	0.933315
scaffold_6	468397	0.763127
scaffold_6	804653	1
scaffold_6	981492	1
scaffold_6	1170181	0.696116
scaffold_6	1347386	0.90158
scaffold_6	1396884	0.700514
scaffold_6	1500492	0.669794
scaffold_6	1522722	0.723271
scaffold_6	1709395	0.682807
scaffold_6	2095036	0.700659
scaffold_6	2333129	0.714286
scaffold_6	2420906	1
scaffold_6	2486212	1
scaffold_6	3027709	0.787072
scaffold_6	3093335	0.741334
scaffold_6	3120121	0.815724
scaffold_6	3143605	0.739953
scaffold_6	4343545	0.818182
scaffold_6	4625709	0.666667
scaffold_6	4747531	0.8
scaffold_6	4995871	0.764939
scaffold_6	5439939	0.75
scaffold_6	6538739	0.8
scaffold_6	6697570	0.666667
scaffold_6	7283646	0.666667
scaffold_6	7691504	0.837772
scaffold_6	8637325	0.720783
scaffold_6	8727312	0.78802
scaffold_6	9016087	0.839357
scaffold_6	9261461	1
scaffold_6	9363454	0.753936
scaffold_6	9571372	0.818182
scaffold_6	9844997	0.934076
scaffold_6	10002715	0.687528
scaffold_6	10121348	0.877637
scaffold_6	10321955	0.704977
scaffold_6	10383548	0.666667
scaffold_6	10828380	0.776119
scaffold_6	11141540	0.728155
scaffold_6	11709650	0.916179
scaffold_6	11747661	0.773106
scaffold_6	11811752	0.890411
scaffold_6	12368337	0.666667
scaffold_6	14148500	0.666667
scaffold_6	14713661	1
scaffold_6	14830818	0.735162
scaffold_6	15050782	0.680851
scaffold_6	15063275	0.666667
scaffold_6	15104150	0.827495
scaffold_6	15169864	0.878271
scaffold_6	15347300	0.753425
scaffold_6	15500217	0.666667
scaffold_6	15574150	1
scaffold_6	16190446	0.75
scaffold_6	16199695	0.783909
scaffold_6	16601650	0.777778
scaffold_6	16871113	0.837772
scaffold_6	17238827	0.868687
scaffold_6	17398091	0.909235
scaffold_6	17604668	0.668726
scaffold_6	17605599	0.703161
scaffold_6	18005457	1
scaffold_6	18015509	0.90161
scaffold_6	18211758	0.841454
scaffold_6	18269357	0.876134
scaffold_6	18842959	0.666667
scaffold_7	678602	0.75
scaffold_7	777871	0.833575
scaffold_7	925176	0.825581
scaffold_7	981939	0.687419
scaffold_7	1517743	0.8
scaffold_7	1638373	0.777778
scaffold_7	1926418	0.666667
scaffold_7	2733930	0.857143
scaffold_7	3154056	0.714286
scaffold_7	3197252	1
scaffold_7	3268184	0.899188
scaffold_7	3667310	0.891328
scaffold_7	3832319	0.694656
scaffold_7	3859101	0.918151
scaffold_7	3999535	0.804878
scaffold_7	4131167	0.681101
scaffold_7	4273283	0.666667
scaffold_7	4868661	0.753425
scaffold_7	4888602	0.666667
scaffold_7	4989075	0.666667
scaffold_7	5021224	0.750919
scaffold_7	5896292	0.777778
scaffold_7	6272107	0.727441
scaffold_7	6348502	0.78166
scaffold_7	6391550	0.673571
scaffold_7	6485190	0.666667
scaffold_7	7372776	0.75
scaffold_7	7666803	0.75
scaffold_7	8300205	1
scaffold_7	8340413	1
scaffold_7	8464713	1
scaffold_7	8472171	0.927448
scaffold_7	9370254	0.835507
scaffold_7	9560715	0.666667
scaffold_7	9825242	0.717436
scaffold_7	9871532	0.836478
scaffold_7	10481046	0.74048
scaffold_7	10534820	0.804878
scaffold_7	10662508	0.692308
scaffold_7	10676038	0.666667
scaffold_7	10745351	0.8
scaffold_7	10765267	1
scaffold_7	10825786	0.942772
scaffold_7	10943254	0.678571
scaffold_7	10947163	0.714286
scaffold_7	11086382	0.666667
scaffold_7	11707474	0.738139
scaffold_7	11805002	0.733333
scaffold_7	12362258	0.684211
scaffold_7	12366500	0.802637
scaffold_7	12473160	0.697115
scaffold_7	12979817	0.910663
scaffold_7	13542424	0.753615
scaffold_7	14019040	0.736031
scaffold_7	16162876	0.75
scaffold_7	16203795	0.775281
scaffold_7	16581541	0.818182
scaffold_7	16897410	1
scaffold_7	17358622	0.830161
scaffold_7	17415984	0.757699
scaffold_7	17486209	0.805766
scaffold_7	17577788	0.761194
scaffold_7	17843478	0.697886
scaffold_7	18155396	0.777092
scaffold_7	18331546	0.711538
scaffold_7	18708882	0.884774
scaffold_7	18962330	0.830161
scaffold_7	18991379	0.690801
scaffold_7	19031631	1
scaffold_7	19109560	0.721863
scaffold_7	19173112	0.73161
scaffold_7	19729808	0.666667
scaffold_7	19978907	0.672026
scaffold_7	21326992	0.677337
scaffold_8	443879	0.727547
scaffold_8	527432	0.666667
scaffold_8	1323511	1
scaffold_8	1533609	0.87638
scaffold_8	2083117	0.878271
scaffold_8	2091084	0.820345
scaffold_8	2716164	0.668274
scaffold_8	2957704	0.666667
scaffold_8	3189184	1
scaffold_8	3313947	0.727273
scaffold_8	3314576	0.946271
scaffold_8	3336282	0.818239
scaffold_8	3557689	0.842315
scaffold_8	3748906	0.75
scaffold_8	3749536	0.75
scaffold_8	3874056	0.774663
scaffold_8	4069226	0.797173
scaffold_8	4071307	0.735162
scaffold_8	4088162	0.877256
scaffold_8	4104550	1
scaffold_8	4156209	0.891278
scaffold_8	4166878	0.666667
scaffold_8	4326293	0.666667
scaffold_8	5746573	0.728972
scaffold_8	6196038	0.730769
scaffold_8	6225002	0.742188
scaffold_8	6609702	0.830161
scaffold_8	7217264	0.910026
scaffold_8	7299952	0.666667
scaffold_8	7346112	0.75
scaffold_8	7371340	0.666667
scaffold_8	7791281	0.8
scaffold_8	7833524	0.666667
scaffold_8	7847467	0.721863
scaffold_8	8532786	0.75
scaffold_8	9184573	0.777778
scaffold_8	9381933	0.880021
scaffold_8	10181111	1
scaffold_8	10395915	0.714286
scaffold_8	10543704	0.872248
scaffold_8	10590139	0.830773
scaffold_8	10618051	0.714286
scaffold_8	10964745	0.714286
scaffold_8	11081891	0.801512
scaffold_8	11195769	0.671425
scaffold_8	11491662	1
scaffold_8	11731110	0.666667
scaffold_8	11756290	0.727273
scaffold_8	12457821	0.805766
scaffold_8	12551375	0.773585
scaffold_8	12693266	0.666667
scaffold_8	12755054	0.742188
scaffold_8	12796754	0.803293
scaffold_8	12833657	0.8
scaffold_8	13315013	0.677895
scaffold_8	13885241	0.892652
scaffold_8	14092955	0.726308
scaffold_8	14296603	0.666667
scaffold_8	14491035	0.666667
scaffold_8	14625845	0.696591
scaffold_8	14719471	0.666667
scaffold_8	14769276	0.796687
scaffold_8	15369219	0.674426
scaffold_8	15780577	0.710526
